image_a,image_b,distance,class_a,class_b,review_required
Fake/00B4R41FLE.jpg,Fake/2ICP8O4BCR.jpg,6,FAKE,FAKE,True
Fake/00TMYXA5DF.jpg,Fake/0VNPD85RZU.jpg,6,FAKE,FAKE,True
Fake/01IIBDIPSS.jpg,Fake/1QZG5NU901.jpg,4,FAKE,FAKE,True
Fake/01RNCNP0M5.jpg,Fake/2P4C0DJWP4.jpg,4,FAKE,FAKE,True
Fake/01RNCNP0M5.jpg,Fake/fake_398_aug_1.jpg,6,FAKE,FAKE,True
Fake/01RNCNP0M5.jpg,Fake/fake_398_aug_4.jpg,6,FAKE,FAKE,True
Fake/01RNCNP0M5.jpg,Fake/fake_495_aug_0.jpg,6,FAKE,FAKE,True
Fake/01Y75WNW8X.jpg,Fake/2XVOCO0SDS.jpg,4,FAKE,FAKE,True
Fake/02IGXFVRAQ.jpg,Fake/2XCDLQ5KJD.jpg,6,FAKE,FAKE,True
Fake/0AMO1SB5CD.jpg,Fake/2WJ6U3DOR8.jpg,2,FAKE,FAKE,True
Fake/0AQEIBRSIT.jpg,Fake/1G95AAQG7O.jpg,6,FAKE,FAKE,True
Fake/0AQEWAAR2I.jpg,Fake/2POBOXIHIU.jpg,2,FAKE,FAKE,True
Fake/0CLS0RA63Q.jpg,Fake/2M2EU0ZPS2.jpg,4,FAKE,FAKE,True
Fake/0DC8IRIM8J.jpg,Fake/2XHAXMGUUQ.jpg,4,FAKE,FAKE,True
Fake/0DXBAMP4TE.jpg,Fake/0FC1BCIAU9.jpg,6,FAKE,FAKE,True
Fake/0E26XW80OK.jpg,Fake/0U0ASED1EA.jpg,6,FAKE,FAKE,True
Fake/0EN1FCS3CG.jpg,Fake/1KGKNVH9XW.jpg,6,FAKE,FAKE,True
Fake/0EN1FCS3CG.jpg,Fake/2FV4HZ4U3S.jpg,6,FAKE,FAKE,True
Fake/0EN1FCS3CG.jpg,Fake/3FZRXZGECZ.jpg,6,FAKE,FAKE,True
Fake/0FKX2W9XRP.jpg,Fake/1B4BWCTCI0.jpg,6,FAKE,FAKE,True
Fake/0G106E9KFK.jpg,Fake/1IEE97OQAT.jpg,4,FAKE,FAKE,True
Fake/0GFNBAFJ97.jpg,Fake/2YFPJ0DZ08.jpg,6,FAKE,FAKE,True
Fake/0H7LIRZL7M.jpg,Fake/fake_408_aug_3.jpg,6,FAKE,FAKE,True
Fake/0HE4LM648W.jpg,Fake/2P8HX4HF1W.jpg,4,FAKE,FAKE,True
Fake/0HKHWAQIF7.jpg,Real/02395.jpg,6,FAKE,REAL,True
Fake/0HW2A8ZIHA.jpg,Fake/1K1JZ23JRV.jpg,6,FAKE,FAKE,True
Fake/0HZA2Q7DT9.jpg,Fake/2R7NVJ9ZVU.jpg,6,FAKE,FAKE,True
Fake/0ICRTX548O.jpg,Fake/2WXSHZ9W2F.jpg,6,FAKE,FAKE,True
Fake/0IWWMPS0Z7.jpg,Fake/1WOJXZWLJ9.jpg,6,FAKE,FAKE,True
Fake/0JFMD8WL83.jpg,Fake/1KX2O0AKCG.jpg,2,FAKE,FAKE,True
Fake/0KF08HWD1E.jpg,Fake/0ZBCM6JP9R.jpg,2,FAKE,FAKE,True
Fake/0KIPN0LQ2S.jpg,Fake/2J2XGN7DVY.jpg,0,FAKE,FAKE,True
Fake/0KX827WMKD.jpg,Fake/2G2GRIK6HF.jpg,6,FAKE,FAKE,True
Fake/0L9UEYZVE9.jpg,Fake/1CR8EGSSGO.jpg,2,FAKE,FAKE,True
Fake/0LWU4RBM72.jpg,Fake/0WUA2UGUW6.jpg,4,FAKE,FAKE,True
Fake/0M0F4YJ1G9.jpg,Fake/3BWI6C193T.jpg,4,FAKE,FAKE,True
Fake/0MV4OKPKSQ.jpg,Fake/1TUU0X4ED5.jpg,6,FAKE,FAKE,True
Fake/0MV4OKPKSQ.jpg,Real/02500.jpg,6,FAKE,REAL,True
Fake/0N2R0S9W2V.jpg,Fake/3GJOY3FZ5I.jpg,6,FAKE,FAKE,True
Fake/0O9K8UQCDS.jpg,Fake/1MA61X7U2B.jpg,4,FAKE,FAKE,True
Fake/0OF9NL90IQ.jpg,Fake/2OIULIW7ZV.jpg,6,FAKE,FAKE,True
Fake/0OF9NL90IQ.jpg,Real/01145.jpg,6,FAKE,REAL,True
Fake/0P0VARG03O.jpg,Fake/1DVZBL5LLJ.jpg,4,FAKE,FAKE,True
Fake/0PGYWA2JUU.jpg,Fake/0U0ASED1EA.jpg,6,FAKE,FAKE,True
Fake/0PLN1HNVKM.jpg,Fake/3GJOY3FZ5I.jpg,6,FAKE,FAKE,True
Fake/0Q36AS50VS.jpg,Fake/1N5DVBL0YV.jpg,4,FAKE,FAKE,True
Fake/0R4J085LRC.jpg,Fake/0WHEQV1XMD.jpg,4,FAKE,FAKE,True
Fake/0RENCZP74L.jpg,Real/03497.jpg,6,FAKE,REAL,True
Fake/0SWMTC3K2W.jpg,Fake/1MK0NM8QD6.jpg,6,FAKE,FAKE,True
Fake/0T3BG4307M.jpg,Fake/2J6OJR0GJB.jpg,6,FAKE,FAKE,True
Fake/0TAJA153VP.jpg,Fake/2OZR095NAN.jpg,6,FAKE,FAKE,True
Fake/0TOPJAEYZ8.jpg,Fake/1DVIKE8W33.jpg,6,FAKE,FAKE,True
Fake/0U0R0Q5VRJ.jpg,Fake/1MK0NM8QD6.jpg,6,FAKE,FAKE,True
Fake/0U0R0Q5VRJ.jpg,Real/00689.jpg,6,FAKE,REAL,True
Fake/0U8G9DNPZ1.jpg,Fake/2I2OMGDIZ6.jpg,6,FAKE,FAKE,True
Fake/0UNJ8BP232.jpg,Fake/0X8NHE29YW.jpg,2,FAKE,FAKE,True
Fake/0VNPD85RZU.jpg,Fake/0YX00K947S.jpg,2,FAKE,FAKE,True
Fake/0VQSCEVJ6N.jpg,Fake/2U5S7ACFLT.jpg,4,FAKE,FAKE,True
Fake/0WLFM9QVUK.jpg,Fake/1GLY066RSY.jpg,6,FAKE,FAKE,True
Fake/0X9ZT0ZJWU.jpg,Fake/0YX00K947S.jpg,6,FAKE,FAKE,True
Fake/0XPRPD81KY.jpg,Fake/2TSVE42PCX.jpg,2,FAKE,FAKE,True
Fake/0Y22IIQPJ1.jpg,Fake/2OL97QP15H.jpg,4,FAKE,FAKE,True
Fake/0YPO4YLTRJ.jpg,Fake/2HKGOOIJAB.jpg,2,FAKE,FAKE,True
Fake/0YT7JQHHSM.jpg,Fake/2EBF4XNTGG.jpg,4,FAKE,FAKE,True
Fake/1A13JXCF95.jpg,Fake/2XJXRQ0AFJ.jpg,4,FAKE,FAKE,True
Fake/1AX3DX1PFC.jpg,Fake/1MAJ5O54TI.jpg,6,FAKE,FAKE,True
Fake/1AX3DX1PFC.jpg,Fake/1ZRLVRD4KB.jpg,6,FAKE,FAKE,True
Fake/1AZ0BN4AIF.jpg,Fake/3GPUEWW6B9.jpg,6,FAKE,FAKE,True
Fake/1BAA2OCMJM.jpg,Fake/2WKUHN1NF3.jpg,4,FAKE,FAKE,True
Fake/1BNH8Y8856.jpg,Fake/2E4ZT4J47I.jpg,6,FAKE,FAKE,True
Fake/1BNH8Y8856.jpg,Fake/2WAMOEGQ5Y.jpg,6,FAKE,FAKE,True
Fake/1BY6TQ40KO.jpg,Fake/2JL3UW8B66.jpg,6,FAKE,FAKE,True
Fake/1C50T9A77U.jpg,Real/03282.jpg,6,FAKE,REAL,True
Fake/1CA55Q4LST.jpg,Fake/2A3XQB3TFK.jpg,6,FAKE,FAKE,True
Fake/1D8GU6XQ37.jpg,Fake/1GLY066RSY.jpg,6,FAKE,FAKE,True
Fake/1D8GU6XQ37.jpg,Fake/3HG0IDYQEE.jpg,6,FAKE,FAKE,True
Fake/1DVIKE8W33.jpg,Fake/2R9LE9K69P.jpg,6,FAKE,FAKE,True
Fake/1E9AXR2EMX.jpg,Fake/1UHODM4TOO.jpg,4,FAKE,FAKE,True
Fake/1FUKM2RWY6.jpg,Fake/1TOIUXBK6M.jpg,6,FAKE,FAKE,True
Fake/1GLY066RSY.jpg,Fake/2SSXO09UIF.jpg,6,FAKE,FAKE,True
Fake/1HRUHRATV0.jpg,Real/01099.jpg,6,FAKE,REAL,True
Fake/1IEXEEEQNS.jpg,Fake/3FZRXZGECZ.jpg,6,FAKE,FAKE,True
Fake/1JQ1DMG1TW.jpg,Fake/1NRLUJ8ZWM.jpg,6,FAKE,FAKE,True
Fake/1KGKNVH9XW.jpg,Fake/2FV4HZ4U3S.jpg,2,FAKE,FAKE,True
Fake/1KGKNVH9XW.jpg,Fake/2HIA7ASEC6.jpg,6,FAKE,FAKE,True
Fake/1KJUBDFJPG.jpg,Fake/2E1B63PFVT.jpg,4,FAKE,FAKE,True
Fake/1MK0NM8QD6.jpg,Fake/2ON9X4D3GU.jpg,6,FAKE,FAKE,True
Fake/1MTFS1G8AO.jpg,Fake/1UM8I0JARW.jpg,6,FAKE,FAKE,True
Fake/1N13QEK46F.jpg,Fake/3ED4NBX1JY.jpg,6,FAKE,FAKE,True
Fake/1N2MNV944M.jpg,Real/02673.jpg,6,FAKE,REAL,True
Fake/1N91YLADV8.jpg,Fake/1Z6YUG3Y0M.jpg,2,FAKE,FAKE,True
Fake/1NNSHWKKV7.jpg,Fake/1YFED91YQE.jpg,6,FAKE,FAKE,True
Fake/1NZ26AJR1N.jpg,Fake/1XID7NU6TA.jpg,6,FAKE,FAKE,True
Fake/1NZ26AJR1N.jpg,Fake/fake_495_aug_0.jpg,6,FAKE,FAKE,True
Fake/1OBYN7XK2N.jpg,Real/00921.jpg,6,FAKE,REAL,True
Fake/1PCSE033IF.jpg,Fake/2MRU6PV9NY.jpg,6,FAKE,FAKE,True
Fake/1RVAUJCTZB.jpg,Fake/1SIY2PE2BF.jpg,6,FAKE,FAKE,True
Fake/1T0GSUCSW9.jpg,Fake/2FV4HZ4U3S.jpg,6,FAKE,FAKE,True
Fake/1T0GSUCSW9.jpg,Fake/2OIULIW7ZV.jpg,6,FAKE,FAKE,True
Fake/1T0GSUCSW9.jpg,Fake/3FZRXZGECZ.jpg,6,FAKE,FAKE,True
Fake/1TOIUXBK6M.jpg,Fake/2VNPKOZWKN.jpg,6,FAKE,FAKE,True
Fake/1UM8I0JARW.jpg,Real/03856.jpg,6,FAKE,REAL,True
Fake/1W2BLT2QNO.jpg,Fake/2JNC3TLR5C.jpg,4,FAKE,FAKE,True
Fake/1W2BZZF9EJ.jpg,Real/00340.jpg,6,FAKE,REAL,True
Fake/1WB1BVZ4WC.jpg,Fake/2S4Y39URLE.jpg,6,FAKE,FAKE,True
Fake/1YNJJDX311.jpg,Fake/2V2FQAUUXH.jpg,2,FAKE,FAKE,True
Fake/1YNQZMQ7EB.jpg,Fake/2K9I8QDH0A.jpg,6,FAKE,FAKE,True
Fake/2AHOAE5S59.jpg,Fake/2G2GRIK6HF.jpg,6,FAKE,FAKE,True
Fake/2BW5U5KCXY.jpg,Fake/3JDMH9VQM8.jpg,2,FAKE,FAKE,True
Fake/2DBIU6BDW4.jpg,Fake/3J9A0TW42F.jpg,6,FAKE,FAKE,True
Fake/2DRS6D5VY2.jpg,Fake/fake_623_aug_3.jpg,6,FAKE,FAKE,True
Fake/2FV4HZ4U3S.jpg,Fake/2HIA7ASEC6.jpg,6,FAKE,FAKE,True
Fake/2FV4HZ4U3S.jpg,Fake/3FZRXZGECZ.jpg,6,FAKE,FAKE,True
Fake/2FX1LDX3U1.jpg,Fake/2XLO3XY1F3.jpg,4,FAKE,FAKE,True
Fake/2G7O2RQSIC.jpg,Fake/2QJ4XQBX13.jpg,6,FAKE,FAKE,True
Fake/2GK9DHVZUS.jpg,Fake/3EWUV5UPP0.jpg,4,FAKE,FAKE,True
Fake/2HB09WJ1LE.jpg,Fake/2K1SQE1ZKR.jpg,4,FAKE,FAKE,True
Fake/2HIA7ASEC6.jpg,Fake/2VMXHX1LWM.jpg,6,FAKE,FAKE,True
Fake/2HIA7ASEC6.jpg,Fake/3HX7RQELRJ.jpg,6,FAKE,FAKE,True
Fake/2ICP8O4BCR.jpg,Fake/2NULPRIGG8.jpg,4,FAKE,FAKE,True
Fake/2IJE5SZZMT.jpg,Fake/2TFD5NIRZQ.jpg,6,FAKE,FAKE,True
Fake/2KWCKZ0UAX.jpg,Fake/3BJMSQ923M.jpg,0,FAKE,FAKE,True
Fake/2LE303AD9A.jpg,Fake/3F9HWFBR10.jpg,6,FAKE,FAKE,True
Fake/2LPZXH7OHY.jpg,Real/02111.jpg,6,FAKE,REAL,True
Fake/2NBQDQDCLW.jpg,Fake/2VMXHX1LWM.jpg,6,FAKE,FAKE,True
Fake/2OAJXAJ2JV.jpg,Fake/2SR2Z43JIQ.jpg,0,FAKE,FAKE,True
Fake/2OIULIW7ZV.jpg,Fake/3FZRXZGECZ.jpg,6,FAKE,FAKE,True
Fake/2OIULIW7ZV.jpg,Real/01145.jpg,6,FAKE,REAL,True
Fake/2QLUVJSQXT.jpg,Fake/2SKM3HUCMC.jpg,6,FAKE,FAKE,True
Fake/2QUOA4T2P2.jpg,Real/02105.jpg,6,FAKE,REAL,True
Fake/2V0J35MSVG.jpg,Fake/3IHAKJLPOT.jpg,4,FAKE,FAKE,True
Fake/2W1J0NW02N.jpg,Fake/3FZRXZGECZ.jpg,6,FAKE,FAKE,True
Fake/2WXSHZ9W2F.jpg,Fake/3G9RBNGWD6.jpg,6,FAKE,FAKE,True
Fake/2YJA4HWIIM.jpg,Real/00833.jpg,6,FAKE,REAL,True
Fake/2ZQDRN7HFE.jpg,Fake/fake_174_aug_0.jpg,6,FAKE,FAKE,True
Fake/3GJOY3FZ5I.jpg,Real/01325.jpg,6,FAKE,REAL,True
Fake/fake_104_aug_0.jpg,Fake/fake_104_aug_1.jpg,0,FAKE,FAKE,True
Fake/fake_11_aug_1.jpg,Fake/fake_11_aug_3.jpg,4,FAKE,FAKE,True
Fake/fake_13_aug_1.jpg,Fake/fake_13_aug_2.jpg,6,FAKE,FAKE,True
Fake/fake_14_aug_0.jpg,Fake/fake_14_aug_4.jpg,4,FAKE,FAKE,True
Fake/fake_159_aug_2.jpg,Fake/fake_159_aug_3.jpg,6,FAKE,FAKE,True
Fake/fake_161_aug_2.jpg,Fake/fake_161_aug_3.jpg,4,FAKE,FAKE,True
Fake/fake_162_aug_1.jpg,Fake/fake_162_aug_3.jpg,6,FAKE,FAKE,True
Fake/fake_167_aug_1.jpg,Fake/fake_167_aug_4.jpg,0,FAKE,FAKE,True
Fake/fake_174_aug_2.jpg,Fake/fake_49_aug_2.jpg,6,FAKE,FAKE,True
Fake/fake_222_aug_0.jpg,Fake/fake_222_aug_1.jpg,4,FAKE,FAKE,True
Fake/fake_225_aug_0.jpg,Fake/fake_225_aug_4.jpg,2,FAKE,FAKE,True
Fake/fake_226_aug_0.jpg,Fake/fake_226_aug_1.jpg,0,FAKE,FAKE,True
Fake/fake_231_aug_0.jpg,Fake/fake_231_aug_2.jpg,6,FAKE,FAKE,True
Fake/fake_23_aug_0.jpg,Fake/fake_23_aug_4.jpg,4,FAKE,FAKE,True
Fake/fake_251_aug_2.jpg,Fake/fake_251_aug_4.jpg,6,FAKE,FAKE,True
Fake/fake_260_aug_0.jpg,Fake/fake_665_aug_4.jpg,6,FAKE,FAKE,True
Fake/fake_262_aug_0.jpg,Fake/fake_262_aug_3.jpg,6,FAKE,FAKE,True
Fake/fake_302_aug_2.jpg,Fake/fake_302_aug_4.jpg,6,FAKE,FAKE,True
Fake/fake_32_aug_1.jpg,Fake/fake_32_aug_4.jpg,6,FAKE,FAKE,True
Fake/fake_344_aug_4.jpg,Fake/fake_455_aug_0.jpg,6,FAKE,FAKE,True
Fake/fake_398_aug_1.jpg,Fake/fake_398_aug_4.jpg,4,FAKE,FAKE,True
Fake/fake_403_aug_2.jpg,Fake/fake_403_aug_4.jpg,2,FAKE,FAKE,True
Fake/fake_407_aug_0.jpg,Fake/fake_407_aug_1.jpg,6,FAKE,FAKE,True
Fake/fake_446_aug_0.jpg,Fake/fake_446_aug_2.jpg,6,FAKE,FAKE,True
Fake/fake_470_aug_2.jpg,Fake/fake_470_aug_3.jpg,0,FAKE,FAKE,True
Fake/fake_482_aug_3.jpg,Real/00798.jpg,6,FAKE,REAL,True
Fake/fake_483_aug_0.jpg,Fake/fake_483_aug_4.jpg,4,FAKE,FAKE,True
Fake/fake_484_aug_1.jpg,Fake/fake_484_aug_2.jpg,0,FAKE,FAKE,True
Fake/fake_493_aug_1.jpg,Fake/fake_493_aug_2.jpg,2,FAKE,FAKE,True
Fake/fake_512_aug_2.jpg,Fake/fake_512_aug_3.jpg,6,FAKE,FAKE,True
Fake/fake_516_aug_1.jpg,Fake/fake_516_aug_4.jpg,2,FAKE,FAKE,True
Fake/fake_520_aug_0.jpg,Fake/fake_520_aug_2.jpg,4,FAKE,FAKE,True
Fake/fake_530_aug_1.jpg,Fake/fake_530_aug_3.jpg,4,FAKE,FAKE,True
Fake/fake_531_aug_3.jpg,Fake/fake_531_aug_4.jpg,4,FAKE,FAKE,True
Fake/fake_542_aug_3.jpg,Fake/fake_542_aug_4.jpg,6,FAKE,FAKE,True
Fake/fake_550_aug_3.jpg,Fake/fake_550_aug_4.jpg,2,FAKE,FAKE,True
Fake/fake_556_aug_0.jpg,Fake/fake_556_aug_2.jpg,2,FAKE,FAKE,True
Fake/fake_590_aug_0.jpg,Fake/fake_590_aug_1.jpg,2,FAKE,FAKE,True
Fake/fake_598_aug_0.jpg,Fake/fake_598_aug_1.jpg,2,FAKE,FAKE,True
Fake/fake_615_aug_3.jpg,Fake/fake_654_aug_1.jpg,4,FAKE,FAKE,True
Fake/fake_653_aug_2.jpg,Fake/fake_653_aug_4.jpg,4,FAKE,FAKE,True
Fake/fake_663_aug_0.jpg,Fake/fake_663_aug_2.jpg,6,FAKE,FAKE,True
Fake/fake_669_aug_1.jpg,Real/01992.jpg,6,FAKE,REAL,True
Fake/fake_672_aug_0.jpg,Fake/fake_672_aug_3.jpg,2,FAKE,FAKE,True
Fake/fake_71_aug_0.jpg,Fake/fake_71_aug_1.jpg,4,FAKE,FAKE,True
Fake/fake_78_aug_4.jpg,Fake/fake_95_aug_4.jpg,6,FAKE,FAKE,True
Real/01184.jpg,Real/01473.jpg,6,REAL,REAL,True
Real/01325.jpg,Real/02633.jpg,4,REAL,REAL,True
Real/real_109_aug_0.jpg,Real/real_109_aug_3.jpg,6,REAL,REAL,True
Real/real_116_aug_1.jpg,Real/real_116_aug_3.jpg,4,REAL,REAL,True
Real/real_126_aug_0.jpg,Real/real_126_aug_4.jpg,4,REAL,REAL,True
Real/real_139_aug_1.jpg,Real/real_408_aug_3.jpg,6,REAL,REAL,True
Real/real_167_aug_2.jpg,Real/real_167_aug_3.jpg,4,REAL,REAL,True
Real/real_177_aug_2.jpg,Real/real_177_aug_3.jpg,0,REAL,REAL,True
Real/real_177_aug_2.jpg,Real/real_177_aug_4.jpg,2,REAL,REAL,True
Real/real_177_aug_3.jpg,Real/real_177_aug_4.jpg,2,REAL,REAL,True
Real/real_201_aug_1.jpg,Real/real_201_aug_4.jpg,0,REAL,REAL,True
Real/real_216_aug_2.jpg,Real/real_216_aug_3.jpg,0,REAL,REAL,True
Real/real_271_aug_0.jpg,Real/real_271_aug_1.jpg,0,REAL,REAL,True
Real/real_294_aug_0.jpg,Real/real_294_aug_1.jpg,2,REAL,REAL,True
Real/real_322_aug_0.jpg,Real/real_322_aug_3.jpg,4,REAL,REAL,True
Real/real_335_aug_1.jpg,Real/real_335_aug_3.jpg,0,REAL,REAL,True
Real/real_346_aug_1.jpg,Real/real_346_aug_4.jpg,4,REAL,REAL,True
Real/real_373_aug_2.jpg,Real/real_373_aug_4.jpg,2,REAL,REAL,True
Real/real_403_aug_0.jpg,Real/real_403_aug_2.jpg,6,REAL,REAL,True
Real/real_413_aug_1.jpg,Real/real_413_aug_2.jpg,6,REAL,REAL,True
Real/real_426_aug_1.jpg,Real/real_426_aug_3.jpg,4,REAL,REAL,True
Real/real_428_aug_0.jpg,Real/real_428_aug_2.jpg,4,REAL,REAL,True
Real/real_434_aug_1.jpg,Real/real_434_aug_3.jpg,4,REAL,REAL,True
Real/real_442_aug_0.jpg,Real/real_442_aug_4.jpg,0,REAL,REAL,True
Real/real_444_aug_3.jpg,Real/real_444_aug_4.jpg,2,REAL,REAL,True
Real/real_45_aug_0.jpg,Real/real_45_aug_4.jpg,2,REAL,REAL,True
Real/real_483_aug_1.jpg,Real/real_483_aug_2.jpg,6,REAL,REAL,True
Real/real_491_aug_2.jpg,Real/real_491_aug_4.jpg,0,REAL,REAL,True
Real/real_4_aug_0.jpg,Real/real_4_aug_2.jpg,2,REAL,REAL,True
Real/real_502_aug_1.jpg,Real/real_502_aug_2.jpg,2,REAL,REAL,True
Real/real_506_aug_2.jpg,Real/real_506_aug_4.jpg,2,REAL,REAL,True
Real/real_523_aug_1.jpg,Real/real_523_aug_4.jpg,2,REAL,REAL,True
Real/real_533_aug_0.jpg,Real/real_533_aug_4.jpg,2,REAL,REAL,True
Real/real_584_aug_0.jpg,Real/real_584_aug_2.jpg,4,REAL,REAL,True
Real/real_72_aug_0.jpg,Real/real_72_aug_3.jpg,4,REAL,REAL,True
